Month,Wood Energy Production,Biofuels Production,Total Biomass Energy Production,Total Renewable Energy Production,Hydroelectric Power Consumption,Geothermal Energy Consumption,Solar Energy Consumption,Wind Energy Consumption,Wood Energy Consumption,Waste Energy Consumption,Biofuels Consumption,Total Biomass Energy Consumption,Total Renewable Energy Consumption
1973 January,129.63,Not Available,129.787,403.981,272.703,1.491,Not Available,Not Available,129.63,0.157,Not Available,129.787,403.981
1973 February,117.194,Not Available,117.338,360.9,242.199,1.363,Not Available,Not Available,117.194,0.144,Not Available,117.338,360.9
1973 March,129.763,Not Available,129.938,400.161,268.81,1.412,Not Available,Not Available,129.763,0.176,Not Available,129.938,400.161
1973 April,125.462,Not Available,125.636,380.47,253.185,1.649,Not Available,Not Available,125.462,0.174,Not Available,125.636,380.47
1973 May,129.624,Not Available,129.834,392.141,260.77,1.537,Not Available,Not Available,129.624,0.21,Not Available,129.834,392.141
1973 June,125.435,Not Available,125.611,377.232,249.859,1.763,Not Available,Not Available,125.435,0.176,Not Available,125.611,377.232
1973 July,129.616,Not Available,129.787,367.325,235.67,1.869,Not Available,Not Available,129.616,0.17,Not Available,129.787,367.325
1973 August,129.734,Not Available,129.918,353.757,222.077,1.762,Not Available,Not Available,129.734,0.184,Not Available,129.918,353.757
1973 September,125.603,Not Available,125.782,307.006,179.733,1.492,Not Available,Not Available,125.603,0.178,Not Available,125.782,307.006
1973 October,129.769,Not Available,129.97,323.453,191.723,1.76,Not Available,Not Available,129.769,0.2,Not Available,129.97,323.453
1973 November,125.492,Not Available,125.643,337.817,210.285,1.889,Not Available,Not Available,125.492,0.151,Not Available,125.643,337.817
1973 December,129.69,Not Available,129.824,406.694,274.435,2.435,Not Available,Not Available,129.69,0.135,Not Available,129.824,406.694
1974 January,130.655,Not Available,130.807,437.467,304.506,2.154,Not Available,Not Available,130.655,0.152,Not Available,130.807,437.467
1974 February,117.949,Not Available,118.091,399.942,279.95,1.901,Not Available,Not Available,117.949,0.142,Not Available,118.091,399.942
1974 March,130.579,Not Available,130.727,423.474,290.582,2.165,Not Available,Not Available,130.579,0.148,Not Available,130.727,423.474
1974 April,126.441,Not Available,126.583,422.323,293.702,2.039,Not Available,Not Available,126.441,0.142,Not Available,126.583,422.323
1974 May,130.659,Not Available,130.789,427.657,294.828,2.04,Not Available,Not Available,130.659,0.129,Not Available,130.789,427.657
1974 June,126.432,Not Available,126.611,409.281,280.695,1.975,Not Available,Not Available,126.432,0.179,Not Available,126.611,409.281
1974 July,130.548,Not Available,130.756,409.719,276.772,2.191,Not Available,Not Available,130.548,0.208,Not Available,130.756,409.719
1974 August,130.574,Not Available,130.763,386.101,253.175,2.163,Not Available,Not Available,130.574,0.189,Not Available,130.763,386.101
1974 September,126.454,Not Available,126.637,353.91,225.274,1.999,Not Available,Not Available,126.454,0.183,Not Available,126.637,353.91
1974 October,130.562,Not Available,130.718,343.703,210.955,2.03,Not Available,Not Available,130.562,0.156,Not Available,130.718,343.703
1974 November,126.352,Not Available,126.506,351.633,222.713,2.414,Not Available,Not Available,126.352,0.155,Not Available,126.506,351.633
1974 December,130.555,Not Available,130.674,376.642,243.428,2.54,Not Available,Not Available,130.555,0.119,Not Available,130.674,376.642
1975 January,127.128,Not Available,127.269,392.756,263.371,2.117,Not Available,Not Available,127.128,0.14,Not Available,127.269,392.756
1975 February,114.829,Not Available,114.942,368.278,251.317,2.019,Not Available,Not Available,114.829,0.113,Not Available,114.942,368.278
1975 March,127.127,Not Available,127.251,423.49,293.961,2.277,Not Available,Not Available,127.127,0.124,Not Available,127.251,423.49
1975 April,123.022,Not Available,123.139,405.368,279.947,2.281,Not Available,Not Available,123.022,0.117,Not Available,123.139,405.368
1975 May,127.13,Not Available,127.303,421.283,291.504,2.475,Not Available,Not Available,127.13,0.173,Not Available,127.303,421.283
1975 June,123.048,Not Available,123.241,411.622,285.31,3.07,Not Available,Not Available,123.048,0.193,Not Available,123.241,411.622
1975 July,127.125,Not Available,127.288,398.459,268.081,3.091,Not Available,Not Available,127.125,0.163,Not Available,127.288,398.459
1975 August,127.136,Not Available,127.321,368.23,237.557,3.351,Not Available,Not Available,127.136,0.185,Not Available,127.321,368.23
1975 September,123.052,Not Available,123.21,341.957,215.793,2.954,Not Available,Not Available,123.052,0.158,Not Available,123.21,341.957
1975 October,127.151,Not Available,127.312,368.786,238.068,3.406,Not Available,Not Available,127.151,0.161,Not Available,127.312,368.786
1975 November,123.039,Not Available,123.18,383.196,256.706,3.31,Not Available,Not Available,123.039,0.141,Not Available,123.18,383.196
1975 December,127.138,Not Available,127.277,403.696,272.99,3.429,Not Available,Not Available,127.138,0.138,Not Available,127.277,403.696
1976 January,144.91,Not Available,145.049,421.775,273.323,3.403,Not Available,Not Available,144.91,0.14,Not Available,145.049,421.775
1976 February,135.559,Not Available,135.695,396.173,257.277,3.2,Not Available,Not Available,135.559,0.136,Not Available,135.695,396.173
1976 March,144.914,Not Available,145.051,427.044,278.567,3.426,Not Available,Not Available,144.914,0.137,Not Available,145.051,427.044
1976 April,140.237,Not Available,140.363,396.931,253.482,3.086,Not Available,Not Available,140.237,0.126,Not Available,140.363,396.931
1976 May,144.913,Not Available,145.047,415.728,267.732,2.949,Not Available,Not Available,144.913,0.134,Not Available,145.047,415.728
1976 June,140.244,Not Available,140.405,411.555,268.088,3.063,Not Available,Not Available,140.244,0.161,Not Available,140.405,411.555
1976 July,144.898,Not Available,145.088,421.425,273.026,3.311,Not Available,Not Available,144.898,0.19,Not Available,145.088,421.425
1976 August,144.918,Not Available,145.11,398.129,249.759,3.26,Not Available,Not Available,144.918,0.192,Not Available,145.11,398.129
1976 September,140.271,Not Available,140.436,356.984,213.376,3.173,Not Available,Not Available,140.271,0.165,Not Available,140.436,356.984
1976 October,144.94,Not Available,145.114,369.186,220.99,3.082,Not Available,Not Available,144.94,0.174,Not Available,145.114,369.186
1976 November,140.481,Not Available,140.651,351.386,208.138,2.597,Not Available,Not Available,140.481,0.171,Not Available,140.651,351.386
1976 December,145.201,Not Available,145.364,360.834,212.507,2.963,Not Available,Not Available,145.201,0.163,Not Available,145.364,360.834
1977 January,156.074,Not Available,156.22,378.521,219.069,3.232,Not Available,Not Available,156.074,0.146,Not Available,156.22,378.521
1977 February,141.046,Not Available,141.176,304.328,160.329,2.823,Not Available,Not Available,141.046,0.13,Not Available,141.176,304.328
1977 March,156.072,Not Available,156.217,368.966,209.549,3.2,Not Available,Not Available,156.072,0.146,Not Available,156.217,368.966
1977 April,151.013,Not Available,151.161,351.301,197.287,2.854,Not Available,Not Available,151.013,0.148,Not Available,151.161,351.301
1977 May,156.032,Not Available,156.186,356.923,197.656,3.081,Not Available,Not Available,156.032,0.155,Not Available,156.186,356.923
1977 June,150.997,Not Available,151.153,336.485,182.303,3.029,Not Available,Not Available,150.997,0.156,Not Available,151.153,336.485
1977 July,155.742,Not Available,155.92,336.903,177.779,3.204,Not Available,Not Available,155.742,0.178,Not Available,155.92,336.903
1977 August,155.909,Not Available,156.081,335.881,176.863,2.937,Not Available,Not Available,155.909,0.172,Not Available,156.081,335.881
1977 September,150.938,Not Available,151.11,328.075,173.821,3.144,Not Available,Not Available,150.938,0.172,Not Available,151.11,328.075
1977 October,155.998,Not Available,156.172,341.368,181.908,3.288,Not Available,Not Available,155.998,0.174,Not Available,156.172,341.368
1977 November,150.888,Not Available,151,370.168,215.864,3.303,Not Available,Not Available,150.888,0.112,Not Available,151,370.168
1977 December,155.816,Not Available,155.935,400.048,240.826,3.288,Not Available,Not Available,155.816,0.119,Not Available,155.935,400.048
1978 January,173.005,Not Available,173.128,438.983,262.529,3.326,Not Available,Not Available,173.005,0.123,Not Available,173.128,438.983
1978 February,156.277,Not Available,156.387,391.866,232.625,2.854,Not Available,Not Available,156.277,0.11,Not Available,156.387,391.866
1978 March,173.026,Not Available,173.136,433.459,257.965,2.359,Not Available,Not Available,173.026,0.11,Not Available,173.136,433.459
1978 April,167.244,Not Available,167.349,434.379,265.041,1.989,Not Available,Not Available,167.244,0.105,Not Available,167.349,434.379
1978 May,172.806,Not Available,172.923,475.883,301.188,1.772,Not Available,Not Available,172.806,0.117,Not Available,172.923,475.883
1978 June,167.239,Not Available,167.34,432.628,263.109,2.179,Not Available,Not Available,167.239,0.101,Not Available,167.34,432.628
1978 July,172.825,Not Available,172.912,431.461,256.107,2.441,Not Available,Not Available,172.825,0.087,Not Available,172.912,431.461
1978 August,173.009,Not Available,173.189,408.417,232.357,2.871,Not Available,Not Available,173.009,0.18,Not Available,173.189,408.417
1978 September,167.32,Not Available,167.455,392.287,221.801,3.031,Not Available,Not Available,167.32,0.134,Not Available,167.455,392.287
1978 October,173.027,Not Available,173.169,379.436,204.012,2.254,Not Available,Not Available,173.027,0.142,Not Available,173.169,379.436
1978 November,167.438,Not Available,167.557,379.078,208.974,2.547,Not Available,Not Available,167.438,0.12,Not Available,167.557,379.078
1978 December,172.935,Not Available,173.06,407.564,231.275,3.228,Not Available,Not Available,172.935,0.126,Not Available,173.06,407.564
1979 January,182.453,Not Available,182.6,447.796,262.096,3.099,Not Available,Not Available,182.453,0.147,Not Available,182.6,447.796
1979 February,164.927,Not Available,165.096,390.487,222.855,2.535,Not Available,Not Available,164.927,0.169,Not Available,165.096,390.487
1979 March,182.64,Not Available,182.881,457.799,271.516,3.402,Not Available,Not Available,182.64,0.241,Not Available,182.881,457.799
1979 April,176.707,Not Available,176.844,445.932,265.941,3.146,Not Available,Not Available,176.707,0.138,Not Available,176.844,445.932
1979 May,182.561,Not Available,182.782,489.08,303.134,3.164,Not Available,Not Available,182.561,0.221,Not Available,182.782,489.08
1979 June,176.662,Not Available,176.833,441.683,261.646,3.204,Not Available,Not Available,176.662,0.17,Not Available,176.833,441.683
1979 July,182.536,Not Available,182.7,424.513,238.414,3.398,Not Available,Not Available,182.536,0.165,Not Available,182.7,424.513
1979 August,182.638,Not Available,182.808,409.21,222.695,3.707,Not Available,Not Available,182.638,0.17,Not Available,182.808,409.21
1979 September,176.766,Not Available,176.891,378.903,198.794,3.217,Not Available,Not Available,176.766,0.125,Not Available,176.891,378.903
1979 October,182.63,Not Available,182.752,397.602,211.243,3.607,Not Available,Not Available,182.63,0.121,Not Available,182.752,397.602
1979 November,176.767,Not Available,176.949,414.74,234.286,3.505,Not Available,Not Available,176.767,0.182,Not Available,176.949,414.74
1979 December,182.568,Not Available,182.77,425.109,238.063,4.275,Not Available,Not Available,182.568,0.202,Not Available,182.77,425.109
1980 January,209.613,Not Available,209.829,478.943,265.618,3.495,Not Available,Not Available,209.613,0.216,Not Available,209.829,478.943
1980 February,196.117,Not Available,196.31,424.298,224.631,3.357,Not Available,Not Available,196.117,0.193,Not Available,196.31,424.298
1980 March,209.598,Not Available,209.727,469.134,255.676,3.731,Not Available,Not Available,209.598,0.129,Not Available,209.727,469.134
1980 April,202.768,Not Available,202.894,477.356,270.552,3.909,Not Available,Not Available,202.768,0.127,Not Available,202.894,477.356
1980 May,209.394,Not Available,209.548,517.456,303.305,4.603,Not Available,Not Available,209.394,0.154,Not Available,209.548,517.456
1980 June,202.609,Not Available,202.723,497.768,290.604,4.441,Not Available,Not Available,202.609,0.114,Not Available,202.723,497.768
1980 July,209.449,Not Available,209.554,471.331,257.106,4.67,Not Available,Not Available,209.449,0.106,Not Available,209.554,471.331
1980 August,209.544,Not Available,209.675,429.358,214.693,4.991,Not Available,Not Available,209.544,0.131,Not Available,209.675,429.358
1980 September,202.79,Not Available,202.905,401.712,194.301,4.506,Not Available,Not Available,202.79,0.115,Not Available,202.905,401.712
1980 October,209.602,Not Available,209.717,402.564,187.73,5.117,Not Available,Not Available,209.602,0.115,Not Available,209.717,402.564
1980 November,202.831,Not Available,202.945,409.876,201.929,5.002,Not Available,Not Available,202.831,0.114,Not Available,202.945,409.876
1980 December,209.546,Not Available,209.671,448.546,233.998,4.877,Not Available,Not Available,209.546,0.125,Not Available,209.671,448.546
1981 January,211.988,1.08,220.544,462.381,236.553,5.284,Not Available,Not Available,211.988,7.476,1.08,220.544,462.381
1981 February,191.528,0.976,199.248,427.043,223.123,4.671,Not Available,Not Available,191.528,6.744,0.976,199.248,427.043
1981 March,212.042,1.08,220.595,443.808,217.976,5.237,Not Available,Not Available,212.042,7.472,1.08,220.595,443.808
1981 April,205.195,1.045,213.467,438.02,219.717,4.836,Not Available,Not Available,205.195,7.226,1.045,213.467,438.02
1981 May,211.883,1.08,220.433,480.423,255.2,4.791,Not Available,Not Available,211.883,7.469,1.08,220.433,480.423
1981 June,204.976,1.045,213.237,496.995,278.976,4.782,Not Available,Not Available,204.976,7.216,1.045,213.237,496.995
1981 July,211.838,1.08,220.392,491.304,265.656,5.256,Not Available,Not Available,211.838,7.473,1.08,220.392,491.304
1981 August,211.846,1.08,220.428,454.028,228.409,5.191,Not Available,Not Available,211.846,7.501,1.08,220.428,454.028
1981 September,205.148,1.045,213.48,407.22,188.516,5.224,Not Available,Not Available,205.148,7.287,1.045,213.48,407.22
1981 October,212.004,1.08,220.581,416.966,191.231,5.153,Not Available,Not Available,212.004,7.497,1.08,220.581,416.966
1981 November,205.166,1.045,213.437,418.476,200.541,4.498,Not Available,Not Available,205.166,7.226,1.045,213.437,418.476
1981 December,211.948,1.08,220.44,477.024,252.071,4.513,Not Available,Not Available,211.948,7.412,1.08,220.44,477.024
1982 January,213.205,2.922,226.251,514.44,284.215,3.975,Not Available,Not Available,213.205,10.124,2.922,226.251,514.44
1982 February,192.598,2.639,204.375,489.624,281.593,3.656,Not Available,Not Available,192.598,9.137,2.639,204.375,489.624
1982 March,213.132,2.922,226.157,544.724,315.347,3.22,Not Available,Not Available,213.132,10.103,2.922,226.157,544.724
1982 April,206.24,2.828,218.821,517.128,295.061,3.247,Not Available,Not Available,206.24,9.753,2.828,218.821,517.128
1982 May,213.101,2.922,226.135,525.795,295.887,3.773,Not Available,Not Available,213.101,10.112,2.922,226.135,525.795
1982 June,206.255,2.828,218.866,518.974,295.552,4.556,Not Available,Not Available,206.255,9.784,2.828,218.866,518.974
1982 July,213.146,2.922,226.202,519.267,288.273,4.792,Not Available,Not Available,213.146,10.135,2.922,226.202,519.267
1982 August,213.158,2.922,226.168,483.203,252.259,4.776,Not Available,Not Available,213.158,10.087,2.922,226.168,483.203
1982 September,206.364,2.828,218.947,433.748,210.219,4.581,Not Available,Not Available,206.364,9.755,2.828,218.947,433.748
1982 October,213.332,2.922,226.373,439.874,208.623,4.877,Not Available,Not Available,213.332,10.119,2.922,226.373,439.874
1982 November,206.347,2.828,218.948,469.93,245.861,5.122,Not Available,Not Available,206.347,9.772,2.828,218.948,469.93
1982 December,213.17,2.922,226.21,522.93,292.668,4.053,Not Available,Not Available,213.17,10.118,2.922,226.21,522.93
1983 January,227.926,5.363,246.575,562.279,310.615,5.087,Not Available,0.002,227.926,13.286,5.363,246.575,562.279
1983 February,205.87,4.844,222.738,523.276,296.625,3.913,Not Available,0,205.87,12.023,4.844,222.738,523.276
1983 March,227.938,5.363,246.61,572.853,321.73,4.51,Not Available,0.003,227.938,13.309,5.363,246.61,572.853
1983 April,220.561,5.19,238.625,561.458,318.603,4.227,Not Available,0.002,220.561,12.875,5.19,238.625,561.458
1983 May,227.897,5.363,246.647,581.741,331.656,3.434,Not Available,0.003,227.897,13.387,5.363,246.647,581.741
1983 June,220.582,5.19,238.736,569.493,326.237,4.518,Not Available,0.002,220.582,12.964,5.19,238.736,569.493
1983 July,227.933,5.363,246.651,550.993,298.715,5.627,Not Available,0.001,227.933,13.354,5.363,246.651,550.993
1983 August,227.978,5.363,246.695,528.288,274.189,7.404,Not Available,0,227.978,13.354,5.363,246.695,528.288
1983 September,220.641,5.19,238.755,476.173,230.65,6.764,Not Available,0.004,220.641,12.924,5.19,238.755,476.173
1983 October,228.031,5.363,246.732,474.251,220.423,7.091,Not Available,0.005,228.031,13.338,5.363,246.732,474.251
1983 November,220.719,5.19,238.78,507.035,261.94,6.311,Not Available,0.004,220.719,12.872,5.19,238.78,507.035
1983 December,228.194,5.363,246.871,587.773,335.876,5.025,Not Available,0.001,228.194,13.314,5.363,246.871,587.773
1984 January,227.551,6.547,251.483,570.081,313.504,5.094,-0.001,0,227.551,17.385,6.547,251.483,570.081
1984 February,212.673,6.125,235.169,535.239,293.845,6.222,0.001,0.002,212.673,16.371,6.125,235.169,535.239
1984 March,227.378,6.547,251.529,579.04,320.67,6.838,0.002,0.002,227.378,17.603,6.547,251.529,579.04
1984 April,219.904,6.336,243.277,566.019,315.985,6.748,0.003,0.006,219.904,17.037,6.336,243.277,566.019
1984 May,227.242,6.547,251.408,593.504,335.607,6.473,0.007,0.008,227.242,17.619,6.547,251.408,593.504
1984 June,219.914,6.336,243.303,553.321,303.719,6.283,0.01,0.006,219.914,17.053,6.336,243.303,553.321
1984 July,227.458,6.547,251.632,547.618,289.982,5.997,0.003,0.005,227.458,17.627,6.547,251.632,547.618
1984 August,227.481,6.547,251.638,524.053,264.894,7.509,0.009,0.003,227.481,17.61,6.547,251.638,524.053
1984 September,220.21,6.336,243.596,470.91,220.536,6.763,0.01,0.005,220.21,17.049,6.336,243.596,470.91
1984 October,227.64,6.547,251.974,479.62,220.205,7.424,0.007,0.009,227.64,17.786,6.547,251.974,479.62
1984 November,220.555,6.336,244.068,486.11,234.699,7.331,0.004,0.009,220.555,17.177,6.336,244.068,486.11
1984 December,227.811,6.547,252.042,532.347,272.166,8.127,0,0.013,227.811,17.684,6.547,252.042,532.347
1985 January,228.394,7.911,256.315,555.205,290.793,8.086,0.005,0.007,228.394,20.009,7.911,256.315,555.205
1985 February,206.294,7.146,231.512,511.838,273.175,7.141,-0.001,0.011,206.294,18.072,7.146,231.512,511.838
1985 March,228.374,7.911,256.336,525.002,260.344,8.314,0.001,0.007,228.374,20.05,7.911,256.336,525.002
1985 April,220.463,7.656,247.599,512.937,258.039,7.281,0.013,0.006,220.463,19.48,7.656,247.599,512.937
1985 May,227.858,7.911,255.881,542.968,279.498,7.571,0.015,0.004,227.858,20.111,7.911,255.881,542.968
1985 June,220.471,7.656,247.643,507.33,252.373,7.294,0.016,0.004,220.471,19.517,7.656,247.643,507.33
1985 July,228.091,7.911,256.159,489.577,225.387,8.019,0.011,0.001,228.091,20.156,7.911,256.159,489.577
1985 August,228.276,7.911,256.301,475.912,211.206,8.381,0.021,0.004,228.276,20.113,7.911,256.301,475.912
1985 September,221.006,7.656,247.997,454.274,198.288,7.966,0.014,0.009,221.006,19.334,7.656,247.997,454.274
1985 October,228.287,7.911,256.175,475.406,211.589,7.626,0.01,0.005,228.287,19.977,7.911,256.175,475.406
1985 November,220.962,7.656,248.07,499.606,242.115,9.416,0.003,0.002,220.962,19.452,7.656,248.07,499.606
1985 December,228.29,7.911,256.246,533.96,267.386,10.325,0.002,0.001,228.29,20.044,7.911,256.246,533.96
1986 January,217.84,9.096,249.178,486.064,226.352,10.526,0.007,0.002,217.84,22.242,9.096,249.178,486.064
1986 February,196.536,8.216,224.922,479.122,245.152,9.04,0.006,0.002,196.536,20.171,8.216,224.922,479.122
1986 March,217.379,9.096,248.837,558.538,300.28,9.403,0.011,0.007,217.379,22.362,9.096,248.837,558.538
1986 April,210.372,8.803,240.788,539.897,290.609,8.479,0.014,0.006,210.372,21.613,8.803,240.788,539.897
1986 May,217.424,9.096,248.822,545.072,287.656,8.568,0.019,0.008,217.424,22.302,9.096,248.822,545.072
1986 June,210.444,8.803,240.837,527.412,277.26,9.295,0.015,0.005,210.444,21.591,8.803,240.837,527.412
1986 July,217.598,9.096,249.011,513.292,254.396,9.862,0.017,0.005,217.598,22.317,9.096,249.011,513.292
1986 August,217.76,9.096,249.176,482.847,223.81,9.839,0.017,0.005,217.76,22.32,9.096,249.176,482.847
1986 September,210.699,8.803,241.074,472.114,222.779,8.245,0.015,0.001,210.699,21.572,8.803,241.074,472.114
1986 October,217.574,9.096,248.974,482.113,225.018,8.105,0.013,0.002,217.574,22.304,9.096,248.974,482.113
1986 November,210.647,8.803,241.122,492.321,244.175,7.015,0.009,0,210.647,21.673,8.803,241.122,492.321
1986 December,217.863,9.096,249.352,532.346,273.692,9.299,0.003,0,217.863,22.393,9.096,249.352,532.346
1987 January,209.176,10.423,244.137,521.265,267.809,9.317,0.001,0.001,209.176,24.537,10.423,244.137,521.265
1987 February,188.924,9.415,220.511,452.878,223.722,8.64,0.006,0,188.924,22.172,9.415,220.511,452.878
1987 March,209.117,10.423,244.157,498.782,245.143,9.473,0.009,0,209.117,24.616,10.423,244.157,498.782
1987 April,202.254,10.087,236.139,477.656,232.573,8.929,0.013,0.002,202.254,23.798,10.087,236.139,477.656
1987 May,208.99,10.423,244.007,509.032,255.627,9.382,0.013,0.003,208.99,24.593,10.423,244.007,509.032
1987 June,202.596,10.087,236.522,466.873,220.689,9.635,0.017,0.01,202.596,23.839,10.087,236.522,466.873
1987 July,209.335,10.423,244.359,467.691,213.34,9.961,0.019,0.013,209.335,24.601,10.423,244.359,467.691
1987 August,209.365,10.423,244.396,448.986,194.652,9.923,0.012,0.002,209.365,24.608,10.423,244.396,448.986
1987 September,202.52,10.087,236.298,437.201,191.635,9.257,0.008,0.002,202.52,23.691,10.087,236.298,437.201
1987 October,209.112,10.423,244.059,442.655,189.215,9.375,0.006,0.001,209.112,24.523,10.423,244.059,442.655
1987 November,202.462,10.087,236.197,423.208,177.943,9.064,0.003,0.001,202.462,23.648,10.087,236.197,423.208
1987 December,209.308,10.423,244.104,475.58,222.161,9.312,0.002,0.002,209.308,24.373,10.423,244.104,475.58
1988 January,218.368,10.508,255.331,495.132,230.477,9.312,0.005,0.007,218.368,26.455,10.508,255.331,495.132
1988 February,204.246,9.83,238.853,446.663,199.789,8.013,0.008,0,204.246,24.778,9.83,238.853,446.663
1988 March,218.351,10.508,255.385,469.098,204.359,9.341,0.013,0,218.351,26.526,10.508,255.385,469.098
1988 April,211.122,10.169,247.241,455.993,200.293,8.454,0.005,0,211.122,25.95,10.169,247.241,455.993
1988 May,217.825,10.508,255.188,486.212,222.701,8.31,0.013,0,217.825,26.855,10.508,255.188,486.212
1988 June,211.242,10.169,247.34,453.891,197.723,8.815,0.014,0,211.242,25.929,10.169,247.34,453.891
1988 July,218.272,10.508,255.582,442.602,177.42,9.589,0.012,0,218.272,26.802,10.508,255.582,442.602
1988 August,218.415,10.508,255.815,437.214,172.238,9.149,0.012,0,218.415,26.893,10.508,255.815,437.214
1988 September,211.218,10.169,247.357,426.312,170.174,8.772,0.01,0,211.218,25.97,10.169,247.357,426.312
1988 October,218.198,10.508,255.517,422.602,158.144,8.939,0.001,0,218.198,26.811,10.508,255.517,422.602
1988 November,211.191,10.169,247.096,448.903,192.932,8.874,0.001,0,211.191,25.737,10.169,247.096,448.903
1988 December,218.215,10.508,255.345,472.132,208.016,8.77,0.001,0.001,218.215,26.623,10.508,255.345,472.132
1989 January,231.17,10.649,266.572,509.148,224.04,14.134,2.882,1.521,231.17,24.753,10.649,266.572,509.148
1989 February,211.272,9.618,243.927,461.436,199.31,12.761,3.106,2.331,211.272,23.037,9.618,243.927,461.436
1989 March,236.6,10.649,268.315,532.717,242.358,15.001,4.372,2.671,236.6,21.067,10.649,268.315,532.717
1989 April,218.29,10.305,251.946,530.099,257.728,13.095,4.846,2.484,218.29,23.351,10.305,251.946,530.099
1989 May,200.711,10.649,241.235,562.702,300.24,13.857,5.24,2.131,200.711,29.876,10.649,241.235,562.702
1989 June,208.439,10.305,248.447,546.138,277.046,13.664,5.349,1.631,208.439,29.704,10.305,248.447,546.138
1989 July,217.404,10.649,261.318,525.099,242.678,13.872,5.75,1.482,217.404,33.265,10.649,261.318,525.099
1989 August,234.088,10.649,276.985,513.156,216.086,13.414,5.596,1.075,234.088,32.249,10.649,276.985,513.156
1989 September,220.479,10.305,264.811,487.951,202.515,12.52,5.183,2.923,220.479,34.027,10.305,264.811,487.951
1989 October,230.492,10.649,276.462,511.061,214.892,13.157,4.718,1.832,230.492,35.321,10.649,276.462,511.061
1989 November,231.613,10.305,276.819,521.326,226.777,12.562,3.886,1.281,231.613,34.901,10.305,276.819,521.326
1989 December,239.066,10.649,282.52,533.842,233.595,13.504,3.552,0.671,239.066,32.806,10.649,282.52,533.842
1990 January,193.411,9.416,236.692,511.273,253.277,15.036,3.134,3.134,193.411,33.865,9.416,236.692,511.273
1990 February,186.722,8.505,226.266,508.362,262.555,13.739,3.397,2.405,186.722,31.039,8.505,226.266,508.362
1990 March,199.565,9.416,244.248,567.936,301.333,15.116,4.688,2.551,199.565,35.267,9.416,244.248,567.936
1990 April,190.159,9.112,232.64,530.432,276.175,12.08,5.163,4.373,190.159,33.369,9.112,232.64,530.432
1990 May,166.803,9.416,210.108,525.675,291.917,14.14,5.866,3.644,166.803,33.889,9.416,210.108,525.675
1990 June,134.939,9.112,178.544,503.364,300.121,14.647,5.824,4.227,134.939,34.493,9.112,178.544,503.364
1990 July,176.618,9.416,219.713,499.497,257.581,14.779,6.185,1.239,176.618,33.679,9.416,219.713,499.497
1990 August,201.445,9.416,245.632,497.457,230.354,14.592,6.149,0.729,201.445,34.771,9.416,245.632,497.457
1990 September,196.099,9.112,239.932,447.351,187.254,13.746,5.471,0.947,196.099,34.72,9.112,239.932,447.351
1990 October,190.414,9.416,235.437,460.201,203.213,14.398,5.04,2.114,190.414,35.607,9.416,235.437,460.201
1990 November,177.629,9.112,220.256,459.567,219.084,13.805,4.016,2.405,177.629,33.515,9.112,220.256,459.567
1990 December,202.362,9.416,245.644,528.928,263.525,14.668,3.852,1.239,202.362,33.866,9.416,245.644,528.928
1991 January,221.773,10.871,269.531,569.478,280.572,15.446,3.281,0.648,221.773,36.887,10.871,269.531,569.478
1991 February,161.586,9.819,204.535,465.118,240.524,13.497,3.536,3.026,161.586,33.129,9.819,204.535,465.118
1991 March,165.815,10.871,214.374,519.11,282.566,15.382,4.627,2.161,165.815,37.688,10.871,214.374,519.11
1991 April,142.348,10.521,190.452,492.914,281.008,13.871,5.098,2.485,142.348,37.583,10.521,190.452,492.914
1991 May,156.299,10.871,206.579,540.591,309.826,14.196,6.208,3.782,156.299,39.409,10.871,206.579,540.591
1991 June,161.835,10.521,209.721,513.64,280.947,15.048,6.303,1.621,161.835,37.366,10.521,209.721,513.64
1991 July,163.21,10.871,210.055,499.537,266.05,15.07,6.742,1.621,163.21,35.974,10.871,210.055,499.537
1991 August,201.887,10.871,250.834,512.231,237.525,14.928,6.567,2.377,201.887,38.076,10.871,250.834,512.231
1991 September,220.843,10.521,267.735,491.724,201.861,14.03,5.937,2.161,220.843,36.371,10.521,267.735,491.724
1991 October,204.17,10.871,249.408,467.137,193.296,14.793,5.21,4.43,204.17,34.366,10.871,249.408,467.137
1991 November,194.094,10.521,241.541,467.744,202.13,15.411,4.231,4.43,194.094,36.927,10.521,241.541,467.744
1991 December,220.221,10.871,267.033,528.582,239.639,15.954,3.903,2.053,220.221,35.94,10.871,267.033,528.582
1992 January,225.223,12.282,279.197,535.607,235.95,15.635,3.274,1.551,225.223,41.692,12.282,279.197,535.607
1992 February,179.107,11.489,230.468,449.195,196.021,13.827,3.547,5.333,179.107,39.871,11.489,230.468,449.195
1992 March,169.584,12.282,221.177,482.785,237.66,15.679,4.875,3.393,169.584,39.312,12.282,221.177,482.785
1992 April,162.501,11.886,210.172,445.956,212.719,14.254,5.514,3.297,162.501,35.785,11.886,210.172,445.956
1992 May,136.512,12.282,190.537,455.24,242.426,15.069,6.239,0.97,136.512,41.743,12.282,190.537,455.24
1992 June,178.938,11.886,230.985,497.883,244.966,14.876,6.28,0.776,178.938,40.161,11.886,230.985,497.883
1992 July,196.218,12.282,250.15,486.979,214.207,15.109,6.737,0.776,196.218,41.651,12.282,250.15,486.979
1992 August,216.248,12.282,269.662,491.443,198.457,15.214,6.656,1.454,216.248,41.132,12.282,269.662,491.443
1992 September,199.5,11.886,251.511,458.264,183.3,14.18,5.977,3.297,199.5,40.125,11.886,251.511,458.264
1992 October,219.054,12.282,269.545,472.681,180.27,14.943,5.402,2.521,219.054,38.209,12.282,269.545,472.681
1992 November,220.592,11.886,264.383,498.632,212.065,14.869,4.406,2.909,220.592,31.905,11.886,264.383,498.632
1992 December,209.993,12.282,263.891,545.914,259.394,15.043,3.997,3.587,209.993,41.616,12.282,263.891,545.914
1993 January,212.917,14.701,274.257,564.645,268.521,15.945,3.371,2.55,212.917,46.639,13.931,273.487,563.875
1993 February,190.799,12.587,240.964,477.338,216.725,15.426,3.713,0.51,190.799,37.578,12.979,241.356,477.73
1993 March,202.466,14.83,263.204,543.315,253.399,16.137,5.22,5.356,202.466,45.908,15.052,263.426,543.537
1993 April,176.447,14.208,226.859,527.479,274.886,15.99,5.918,3.826,176.447,36.205,13.434,226.086,526.705
1993 May,141.057,14.454,196.012,537.105,316.469,14.37,6.428,3.826,141.057,40.502,13.452,195.01,536.102
1993 June,142.881,13.992,197.445,506.69,287.581,14.436,6.336,0.893,142.881,40.571,13.51,196.963,506.208
1993 July,159.077,13.875,212.707,491.687,254.885,15.78,6.912,1.403,159.077,39.755,13.684,212.516,491.496
1993 August,215.249,12.088,262.322,502.293,216.292,16.007,6.907,0.765,215.249,34.984,11.273,261.507,501.478
1993 September,197.49,13.21,250.551,461.702,188.068,15.439,6.241,1.403,197.49,39.852,13.744,251.085,462.236
1993 October,203.03,14.46,257.383,468.762,187.59,15.349,5.506,2.933,203.03,39.893,14.617,257.54,468.918
1993 November,209.594,14.96,262.183,482.151,195.571,15.174,4.506,4.718,209.594,37.629,16.607,263.83,483.799
1993 December,208.767,15.97,264.559,518.768,231.625,15.621,4.158,2.805,208.767,39.822,16.778,265.367,519.576
1994 January,252.903,16.599,306.708,546.056,220.026,15.695,3.628,0,252.903,37.205,17.536,307.644,546.993
1994 February,194.065,13.272,244.594,474.599,210.85,14.267,3.851,1.036,194.065,37.257,13.875,245.198,475.202
1994 March,202.598,15.795,261.461,530.494,243.412,14.471,5.51,5.639,202.598,43.069,16.083,261.749,530.782
1994 April,183.168,13.315,236.035,515.827,254.767,14.76,6.006,4.258,183.168,39.552,13.977,236.697,516.489
1994 May,141.247,15.12,202.48,494.55,267.13,14.543,6.599,3.798,141.247,46.113,14.957,202.317,494.387
1994 June,156.533,14.26,215.744,497.434,258.029,13.144,6.72,3.798,156.533,44.95,13.657,215.14,496.831
1994 July,216.33,14.635,274.451,538.3,241.004,13.897,6.991,1.956,216.33,43.487,14.302,274.118,537.967
1994 August,193.374,15.187,251.577,484.336,209.396,15.199,6.783,1.381,193.374,43.016,15.43,251.82,484.579
1994 September,180.928,17.765,238.967,433.627,171.008,14.102,6.327,3.222,180.928,40.274,14.752,235.954,430.613
1994 October,209.489,16.114,271.599,476.303,180.671,14.475,5.876,3.683,209.489,45.995,17.616,273.101,477.805
1994 November,198.716,17.753,261.436,482.932,197.506,14.295,4.633,5.064,198.716,44.967,17.406,261.089,482.586
1994 December,194.468,18.576,262.482,512.713,229.658,14.616,4.231,1.726,194.468,49.439,18.801,262.708,512.938
1995 January,181.661,18.455,243.462,516.507,256.445,13.067,3.474,0.059,181.661,43.345,17.366,242.373,515.418
1995 February,151.839,16.773,206.657,478.624,258.244,9.702,3.78,0.241,151.839,38.045,15.809,205.693,477.66
1995 March,181.966,18.162,239.82,550.41,294.609,10.67,5.263,0.047,181.966,39.692,18.363,240.022,550.611
1995 April,202.143,17.599,267.571,536.529,253.408,9.352,6.128,0.071,202.143,47.829,17.318,267.29,536.248
1995 May,174.718,17.171,227.439,533.624,286.483,8.606,6.883,4.214,174.718,35.551,15.558,225.827,532.012
1995 June,164.965,16.388,226.934,560.149,311.683,9.317,7.076,5.14,164.965,45.581,17.411,227.957,561.172
1995 July,234.038,15.354,294.251,601.28,283.275,10.066,7.296,6.392,234.038,44.859,14.341,293.238,600.268
1995 August,240.237,14.663,301.628,582.286,251.378,16.447,7.204,5.628,240.237,46.729,12.71,299.676,580.333
1995 September,208.217,15.073,268.791,499.496,206.52,11.83,6.449,5.907,208.217,45.502,15.114,268.833,499.538
1995 October,227.438,15.905,292.175,558.499,238.738,19.182,5.757,2.646,227.438,48.833,18.294,294.565,560.889
1995 November,203.6,14.993,267.659,554.29,263.386,17.276,4.678,1.291,203.6,49.066,19.828,272.494,559.124
1995 December,199.049,17.201,262.694,585.646,301.139,16.542,4.278,0.994,199.049,46.444,17.684,263.176,586.128
1996 January,215.337,16.092,272.584,606.654,317.658,11.3,3.59,1.523,215.337,41.154,17.095,273.586,607.656
1996 February,169.485,12.825,226.038,571.306,328.772,11.418,3.922,1.156,169.485,43.729,14.424,227.637,572.905
1996 March,196.558,14.13,259.039,627.928,350.334,10.872,5.744,1.939,196.558,48.352,14.816,259.726,628.615
1996 April,149.671,12.051,205.729,556.072,329.254,12.137,6.425,2.527,149.671,44.007,12.103,205.781,556.124
1996 May,176.787,9.009,231.211,594.909,343.915,8.603,7.13,4.05,176.787,45.415,9.88,232.082,595.78
1996 June,197.279,6.717,254.182,607.621,330.103,12.207,7.244,3.885,197.279,50.186,7.258,254.723,608.162
1996 July,221.032,7.528,281.656,610.1,298.56,17,7.35,5.533,221.032,53.096,7.434,281.563,610.006
1996 August,241.559,9.052,294.581,594.881,271.592,17.542,6.875,4.291,241.559,43.97,9.132,294.661,594.961
1996 September,201.147,9.753,259.345,513.262,228.911,15.298,6.073,3.634,201.147,48.445,9.056,258.648,512.565
1996 October,241.017,14.983,310.461,568.747,233.632,16.305,5.733,2.616,241.017,54.461,13.457,308.935,567.221
1996 November,230.3,14.166,295.562,561.31,243.572,16.486,4.669,1.021,230.3,51.096,14.073,295.468,561.216
1996 December,196.854,14.977,264.912,598.136,313.353,14.191,4.415,1.265,196.854,53.08,14.061,263.996,597.221
1997 January,219.532,14.553,275.641,629.8,336.616,12.781,3.532,1.23,219.532,41.556,13.881,274.968,629.127
1997 February,169.842,13.867,226.521,563.287,321.859,9.767,4.028,1.112,169.842,42.813,14.02,226.674,563.44
1997 March,191.206,15.957,251.136,628.991,357.387,13.424,5.527,1.517,191.206,43.974,15.683,250.862,628.717
1997 April,189.865,14.195,252.01,603.78,327.586,14.657,6.219,3.309,189.865,47.949,14.063,251.878,603.648
1997 May,200.871,18.01,268.515,642.251,349.12,14.331,6.706,3.579,200.871,49.635,15.981,266.486,640.222
1997 June,172.743,13.393,231.69,607.807,351.899,11.918,7.02,5.281,172.743,45.553,12.665,230.961,607.079
1997 July,195.848,16.795,259.985,611.218,323.304,15.455,7.271,5.203,195.848,47.342,16.639,259.829,611.062
1997 August,204.296,12.415,264.422,566.988,274.788,15.283,7.079,5.416,204.296,47.711,12.495,264.502,567.068
1997 September,193.213,15.398,250.744,513.216,238.97,14.604,6.24,2.657,193.213,42.133,14.652,249.998,512.47
1997 October,239.624,17.797,305.656,581.276,252.613,14.497,5.706,2.804,239.624,48.235,18.834,306.693,582.313
1997 November,203.767,14.924,264.591,526.469,242.156,14.404,4.575,0.742,203.767,45.9,15.167,264.834,526.711
1997 December,190.185,19.012,256.998,541.77,264.16,15.576,4.305,0.73,190.185,47.802,19.549,257.536,542.307
1998 January,218.095,19.477,278.211,591.527,293.86,15.811,3.468,0.177,218.095,40.639,19.047,277.781,591.097
1998 February,158.343,14.054,212.209,534.596,305.87,12.721,3.711,0.083,158.343,39.813,14.668,212.823,535.21
1998 March,179.494,15.307,240.963,585.349,323.122,15.674,5.527,0.063,179.494,46.162,16.458,242.115,586.5
1998 April,178.06,17.467,240.612,550.089,291.715,10.788,6.097,0.876,178.06,45.084,16.07,239.214,548.691
1998 May,186.622,14.75,250.239,606.598,338.499,9.908,6.491,1.461,186.622,48.867,13.976,249.466,605.824
1998 June,128.7,16.033,186.089,538.497,329.782,11.755,6.843,4.027,128.7,41.356,15.135,185.191,537.599
1998 July,184.548,15.64,246.326,566.004,292.237,14.565,7.294,5.582,184.548,46.139,15.376,246.062,565.74
1998 August,191.758,16.269,254.237,537.293,256.055,15.558,7.143,4.299,191.758,46.21,16.221,254.189,537.245
1998 September,186.479,17.262,248.27,487.115,212.368,15.259,6.367,4.852,186.479,44.53,16.908,247.917,486.761
1998 October,202.005,17.655,267.922,485.982,192.567,16.743,5.703,3.047,202.005,48.262,18.484,268.751,486.811
1998 November,171.31,17.794,230.488,456.09,204.15,15.035,4.57,1.847,171.31,41.384,17.35,230.044,455.646
1998 December,198.747,20.766,273.362,553.643,256.829,14.633,4.281,4.539,198.747,53.849,21.342,273.938,554.219
1999 January,210.996,19.158,272.26,596.141,301.877,15.171,3.386,3.446,210.996,42.105,18.586,271.688,595.568
1999 February,162.352,15.417,220.539,533.209,293.419,12.383,3.709,3.159,162.352,42.77,15.313,220.435,533.105
1999 March,149.912,17.696,212.177,564.568,328.047,14.471,5.305,4.568,149.912,44.57,16.867,211.349,563.739
1999 April,183.534,19.152,249.92,551.66,279.566,12.382,5.975,3.818,183.534,47.234,16.77,247.537,549.277
1999 May,222.166,17.388,289.264,610.259,296.517,15.035,6.625,2.818,222.166,49.711,16.077,287.953,608.948
1999 June,173.903,14.336,236.09,571.957,312.577,13.986,6.707,2.596,173.903,47.851,15.636,237.39,573.257
1999 July,203.953,14.275,264.292,593.688,303.567,14.153,7.012,4.664,203.953,46.064,14.23,264.247,593.643
1999 August,197.764,17.11,258.854,547.081,263.077,14.417,6.825,3.909,197.764,43.98,16.624,258.368,546.596
1999 September,181.899,17.877,244.14,482.169,213.64,14.426,6.103,3.859,181.899,44.364,16.972,243.235,481.263
1999 October,164.413,19.309,228.256,456.721,203.526,14.953,5.706,4.281,164.413,44.534,19.844,228.79,457.255
1999 November,192.219,18.101,254.125,492.909,216.417,14.216,4.529,3.622,192.219,43.805,19.651,255.675,494.46
1999 December,171.056,20.99,235.215,515.281,255.344,15.328,4.239,5.155,171.056,43.17,22.398,236.623,516.689
2000 January,160.708,19.339,222.067,505.154,258.518,14.724,3.262,6.583,160.708,42.021,19.713,222.442,505.528
2000 February,185.259,18.258,246.169,499.963,229.354,13.606,3.632,7.201,185.259,42.652,17.294,245.205,498.999
2000 March,195.714,19.502,263.209,558.01,272.397,13.848,4.986,3.571,195.714,47.994,19.973,263.681,558.482
2000 April,187.07,19.985,254.609,568.53,290.623,14.367,5.564,3.367,187.07,47.555,18.611,253.235,567.156
2000 May,184.011,19.973,254.678,558.73,279.719,13.885,6.285,4.163,184.011,50.694,20.077,254.782,558.834
2000 June,167.726,17.673,227.712,509.12,256.913,13.563,6.372,4.56,167.726,42.314,16.306,226.346,507.753
2000 July,191.305,19.912,255.348,526.269,246.155,13.983,6.907,3.876,191.305,44.131,19.246,254.682,525.603
2000 August,194.632,17.661,254.942,503.692,224.228,14.003,6.68,3.84,194.632,42.649,19.402,256.683,505.433
2000 September,180.764,18.729,240.331,443.382,181.584,11.971,6.105,3.391,180.764,40.838,18.906,240.508,443.558
2000 October,206.142,20.697,270.472,468.22,175.315,12.837,5.4,4.197,206.142,43.633,21.918,271.693,469.441
2000 November,200.803,19.9,261.335,482.871,195.459,13.383,4.297,8.396,200.803,40.632,21.464,262.899,484.435
2000 December,207.582,21.518,254.788,477.789,200.852,14.194,4.042,3.914,207.582,25.688,22.801,256.071,479.073
2001 January,175.982,21.638,228.434,444.974,194.798,14.612,3.109,4.022,175.982,30.814,23.739,230.534,447.075
2001 February,155.969,19.67,202.849,404.073,180.547,12.812,3.408,4.456,155.969,27.21,20.084,203.263,404.487
2001 March,168.14,21.192,219.649,455.786,211.591,14.206,4.843,5.498,168.14,30.317,21.55,220.006,456.144
2001 April,163.973,19.537,213.628,425.372,186.128,13.162,5.379,7.075,163.973,30.118,18.71,212.8,424.544
2001 May,161.457,20.222,211.506,435.524,198.142,12.98,6.334,6.562,161.457,29.828,19.576,210.861,434.878
2001 June,163.772,20.044,213.95,454.623,214.179,13.088,6.487,6.919,163.772,30.134,16.692,210.598,451.271
2001 July,169.421,21.023,221.842,436.074,186.812,14.087,6.772,6.561,169.421,31.398,23.398,224.217,438.449
2001 August,173.357,21.283,225.897,447.91,195.436,13.97,6.643,5.964,173.357,31.258,18.938,223.552,445.566
2001 September,163.666,21.008,214.229,396.476,157.641,13.617,5.924,5.066,163.666,29.555,20.372,213.593,395.84
2001 October,174.181,22.657,227.319,409.925,157.418,13.913,5.004,6.27,174.181,30.481,25.014,229.675,412.281
2001 November,166.005,22.961,219.773,401.777,159.262,13.805,4.076,4.861,166.005,30.807,22.206,219.018,401.022
2001 December,169.916,23.218,225.088,449.333,199.905,14.208,3.771,6.362,169.916,31.954,22.369,224.239,448.485
2002 January,169.367,25.334,228.396,476.548,221.72,15.114,3.063,8.254,169.367,33.695,23.789,226.851,475.003
2002 February,148.458,20.747,198.932,428.362,205.41,13.339,3.418,7.263,148.458,29.727,21.185,199.37,428.8
2002 March,159.644,24.003,217.568,459.471,213.723,14.682,4.831,8.668,159.644,33.921,21.037,214.601,456.504
2002 April,158.336,22.916,212.852,488.519,246.661,13.292,5.293,10.421,158.336,31.601,22.43,212.366,488.033
2002 May,168.013,24.238,225.155,527.657,271.24,14.386,5.914,10.963,168.013,32.904,23.838,224.755,527.257
2002 June,159.326,22.416,215.107,533.58,287.009,13.659,6.348,11.458,159.326,33.365,21.848,214.539,533.013
2002 July,176.434,24.015,235.713,525.255,259.113,14.857,6.514,9.059,176.434,35.264,24.563,236.261,525.803
2002 August,163.556,25.418,224.4,469.67,214.487,14.5,6.347,9.936,163.556,35.426,24.98,223.963,469.232
2002 September,171.211,26.251,230.855,431.903,173.824,14.109,5.629,7.486,171.211,33.394,25.367,229.971,431.019
2002 October,180.316,29.849,243.767,445.46,174.684,14.581,4.957,7.471,180.316,33.603,29.756,243.674,445.367
2002 November,166.492,30.001,230.328,455.86,200.714,14.051,4.095,6.673,166.492,33.835,32.207,232.533,458.065
2002 December,174.133,32.931,242.334,488.703,220.434,14.594,3.659,7.683,174.133,35.27,32.335,241.737,488.107
2003 January,169.564,33.05,237.044,470.095,208.576,15.061,3.012,6.402,169.564,34.431,30.723,234.717,467.768
2003 February,153.718,28.469,212.693,437.341,200.271,13.547,3.283,7.547,153.718,30.507,31.894,216.118,440.766
2003 March,166.337,32.649,233.288,508.215,245.048,14.607,4.781,10.491,166.337,34.303,30.555,231.195,506.122
2003 April,162.813,32.368,228.516,509.649,250.685,14.062,5.322,11.064,162.813,33.334,32.588,228.736,509.869
2003 May,163.891,32.625,229.756,557.622,297.627,14.16,5.889,10.19,163.891,33.24,32.694,229.825,557.691
2003 June,162.635,32.703,228.254,549.092,289.436,14.633,6.166,10.602,162.635,32.915,31.844,227.395,548.232
2003 July,174.308,33.241,242.533,524.624,251.536,14.76,6.141,9.653,174.308,34.984,32.473,241.766,523.856
2003 August,171.772,33.6,239.928,501.53,232.592,14.674,6.08,8.256,171.772,34.556,34.451,240.779,502.381
2003 September,164.17,34.169,230.968,447.121,187.115,14.437,5.538,9.062,164.17,32.628,32.475,229.274,445.427
2003 October,169.075,35.036,236.938,451.931,186.588,14.431,4.891,9.084,169.075,32.827,35.228,237.129,452.123
2003 November,166.306,34.893,233.698,460.818,199.617,13.908,3.86,9.735,166.306,32.498,37.877,236.682,463.802
2003 December,177.447,38.591,251.16,524.532,243.449,15.164,3.572,11.187,177.447,35.123,40.285,252.855,526.226
2004 January,183.985,39.269,255.574,514.261,230.201,15.493,2.983,10.01,183.985,32.32,40.19,256.495,515.182
2004 February,168.663,36.894,236.689,474.103,209.471,14.522,3.189,10.232,168.663,31.132,38.748,238.543,475.956
2004 March,175.736,39.846,248.532,510.702,229.509,14.954,4.774,12.933,175.736,32.949,39.945,248.63,510.8
2004 April,175.957,39.105,247.253,488.758,209.214,14.075,5.247,12.969,175.957,32.191,40.264,248.412,489.917
2004 May,169.777,41.089,244.383,522.609,240.581,14.619,5.982,17.044,169.777,33.517,41.67,244.964,523.19
2004 June,171.743,39.836,244.075,531.796,252.927,14.709,6.09,13.994,171.743,32.495,42.516,246.754,534.475
2004 July,183.591,40.447,257.042,523.871,233.556,15.32,6.291,11.662,183.591,33.003,40.597,257.191,524.02
2004 August,179.526,41.803,254.446,502.493,216.265,15.116,6.142,10.524,179.526,33.116,41.745,254.388,502.435
2004 September,171.017,40.538,243.019,479.402,205.581,14.345,5.544,10.914,171.017,31.463,41.372,243.852,480.236
2004 October,179.681,41.982,253.52,472.897,188.93,15.308,4.835,10.305,179.681,31.857,43.223,254.761,474.139
2004 November,173.661,41.609,247.286,484.754,209.705,14.582,3.844,9.337,173.661,32.016,42.508,248.184,485.653
2004 December,187.914,43.302,264.199,557.149,262.527,15.104,3.581,11.739,187.914,32.983,45,265.897,558.847
2005 January,185.551,45.102,264.707,537.045,242.697,15.391,2.935,11.315,185.551,34.054,46.014,265.619,537.957
2005 February,175.761,41.376,247.271,489.404,216.046,13.222,3.201,9.664,175.761,30.134,41.146,247.041,489.174
2005 March,180.584,45.51,260.043,524.509,229.338,14.912,4.612,15.605,180.584,33.949,44.966,259.499,523.965
2005 April,171.578,43.143,246.929,514.356,230.561,14.648,5.245,16.973,171.578,32.208,42.537,246.323,513.75
2005 May,176.617,44.487,255.79,567.482,272.758,15.513,5.959,17.463,176.617,34.686,45.383,256.686,568.378
2005 June,173.219,45.082,252.466,559.572,267.803,15.257,6.078,17.967,173.219,34.165,47.73,255.114,562.221
2005 July,182.702,48.33,266.332,561.855,259.542,15.596,6.176,14.208,182.702,35.3,49.025,267.028,562.55
2005 August,182.796,48.584,266.097,514.673,215.635,15.407,6.154,11.379,182.796,34.718,51.217,268.73,517.306
2005 September,174.501,47.316,255.348,464.185,173.619,15.003,5.532,14.682,174.501,33.531,47.804,255.836,464.673
2005 October,178.567,50.269,261.121,475.83,180.046,15.341,4.862,14.46,178.567,32.286,51.536,262.388,477.098
2005 November,173.209,49.787,256.532,484.914,193.507,14.973,3.807,16.095,173.209,33.536,51.832,258.577,486.959
2005 December,181.612,52.284,268.55,527.174,221.389,15.438,3.52,18.276,181.612,34.653,54.823,271.089,529.713
2006 January,187.674,54.188,276.647,590.899,272.144,15.313,3.162,23.633,187.674,34.785,52.761,275.22,589.472
2006 February,164.912,51.185,247.274,529.246,245.611,13.834,3.463,19.064,164.912,31.177,48.955,245.044,527.016
2006 March,175.5,56.829,265.069,553.18,244.251,15.628,4.836,23.395,175.5,32.74,55.374,263.614,551.725
2006 April,166.537,52.99,250.384,577.843,283.244,14.216,5.482,24.517,166.537,30.858,54.87,252.265,579.724
2006 May,171.132,56.266,261.125,611.368,305.688,13.984,6.183,24.388,171.132,33.727,62.992,267.851,618.094
2006 June,170.346,59.32,261.96,598.607,295.163,14.911,6.222,20.351,170.346,32.295,69,271.64,608.287
2006 July,180.235,60.456,274.809,568.581,252.333,15.628,6.418,19.392,180.235,34.118,65.85,280.203,573.974
2006 August,179.396,63.872,277.063,531.475,215.524,15.902,6.569,16.418,179.396,33.794,69.551,282.741,537.154
2006 September,173.115,62.519,267.952,478.101,170.621,15.112,5.776,18.639,173.115,32.318,68.463,273.896,484.045
2006 October,177.454,64.739,275.12,489.377,169.17,15.766,5.096,24.223,177.454,32.927,72.077,282.458,496.715
2006 November,172.741,64.175,270.475,515.816,201.075,14.993,4.073,25.199,172.741,33.56,70.949,277.249,522.59
2006 December,180.279,69.095,283.636,542.022,214.21,15.913,3.746,24.517,180.279,34.262,75.418,289.959,548.344
2007 January,182.455,71.627,290.845,592.181,257.426,16.297,3.375,24.239,182.455,36.763,76.469,295.687,597.023
2007 February,162.893,66.107,261.666,488.023,183.513,14.248,3.691,24.906,162.893,32.666,69.09,264.65,491.007
2007 March,174.64,73.657,285.146,574.791,238.832,15.392,5.303,30.117,174.64,36.85,75.945,287.435,577.08
2007 April,173.47,72.575,278.386,566.548,236.135,14.824,5.855,31.349,173.47,32.341,71.828,277.639,565.801
2007 May,173.553,78.629,286.01,594.245,257.448,14.904,6.702,29.181,173.553,33.828,77.982,285.363,593.598
2007 June,170.164,78.428,281.995,555.788,225.519,15.616,6.757,25.9,170.164,33.402,80.617,284.184,557.977
2007 July,178.134,83.124,295.653,562.071,222.17,15.849,7.065,21.333,178.134,34.395,82.563,295.092,561.51
2007 August,174.785,86.362,295.523,542.083,197.092,15.891,6.896,26.681,174.785,34.377,86.584,295.746,542.305
2007 September,169.547,84.913,287.603,483.353,145.715,15.414,6.286,28.335,169.547,33.143,83.95,286.64,482.39
2007 October,174.97,89.501,299.416,500.628,146.248,15.989,5.601,33.374,174.97,34.945,92.473,302.388,503.6
2007 November,172.532,90.469,297.828,503.204,155.001,15.347,4.436,30.591,172.532,34.827,88.647,296.006,501.382
2007 December,181.632,94.677,312.007,547.833,181.289,16.003,4.036,34.497,181.632,35.698,96.665,313.995,549.82
2008 January,195.336,99.696,331.138,597.581,204.758,15.825,3.752,42.108,195.336,36.106,95.746,327.188,593.63
2008 February,169.281,95.947,300.535,542.23,185.146,14.369,4.225,37.955,169.281,35.307,95.403,299.991,541.686
2008 March,175.228,108.172,321.487,604.443,213.526,16.239,6.07,47.122,175.228,38.088,100.607,313.922,596.878
2008 April,171.485,106.434,314.073,607.253,219.093,15.79,6.807,51.49,171.485,36.154,105.611,313.25,606.43
2008 May,172.47,115.872,324.185,668.828,268.237,16.318,7.464,52.623,172.47,35.843,111.983,320.296,664.939
2008 June,167.713,110.288,313.335,675.52,287.514,16.206,7.812,50.653,167.713,35.334,108.741,311.788,673.973
2008 July,173.963,119.214,330.507,646.308,251.82,16.514,7.968,39.499,173.963,37.33,118.887,330.18,645.981
2008 August,171.954,125.23,333.607,599.263,209.193,16.454,7.841,32.167,171.954,36.423,123.463,331.84,597.497
2008 September,164.058,120.382,318.84,531.982,159.42,15.944,7.118,30.66,164.058,34.4,121.277,319.736,532.877
2008 October,169.452,124.307,330.125,552.18,152.441,16.495,6.249,46.87,169.452,36.366,126.128,331.946,554.001
2008 November,166.136,124.69,327.317,551.779,154.392,15.94,4.924,49.207,166.136,36.491,122.252,324.878,549.341
2008 December,161.91,123.769,323.102,614.791,205.569,16.339,4.588,65.193,161.91,37.422,127.044,326.377,618.066
2009 January,162.356,118.534,318.353,626.716,229.265,17.14,3.878,58.08,162.356,37.463,113.896,313.715,622.078
2009 February,150.552,109.634,294.389,545.27,173.845,15.517,4.402,57.117,150.552,34.203,101.386,286.141,537.023
2009 March,159.501,119.507,319.356,625.349,213.036,17.252,6.418,69.287,159.501,40.348,117.49,317.339,623.332
2009 April,151.432,115.45,303.489,651.335,251.513,16.341,7.204,72.787,151.432,36.607,119.403,307.442,655.288
2009 May,156.528,125.507,319.032,693.227,288.502,16.616,7.959,61.117,156.528,36.998,129.748,323.274,697.469
2009 June,158.244,126.318,321.739,685.872,285.318,16.212,7.953,54.65,158.244,37.176,128.286,323.707,687.84
2009 July,167.558,137.683,343.841,645.722,228.235,16.814,8.472,48.36,167.558,38.599,137.62,343.778,645.659
2009 August,170.874,139.431,348.551,618.11,191.105,16.773,8.349,53.333,170.874,38.246,139.782,348.901,618.461
2009 September,161.716,134.584,332.374,570.982,169.421,16.289,7.506,45.391,161.716,36.075,132.892,330.682,569.29
2009 October,165.592,142.871,346.472,628.298,192.185,16.479,6.661,66.501,165.592,38.01,143.407,347.009,628.834
2009 November,162.144,147.495,348.333,642.624,205.035,16.841,5.313,67.102,162.144,38.694,142.409,343.246,637.537
2009 December,168.514,152.906,360.689,692.242,241.363,17.912,4.876,67.403,168.514,39.268,146.999,354.782,686.335
2010 January,187.178,150.936,377.071,684.631,218.369,17.852,4.468,66.871,187.178,38.958,141.158,367.294,674.854
2010 February,171.797,140.823,347.952,622.725,200.874,15.872,5.033,52.993,171.797,35.332,134.986,342.116,616.888
2010 March,187.22,156.949,384.094,696.685,203.761,17.801,7.235,83.795,187.22,39.925,147.746,374.892,687.483
2010 April,179.128,150.611,368.922,675.733,186.307,16.99,8.252,95.262,179.128,39.183,147.271,365.582,672.394
2010 May,181.788,155.303,376.012,732.772,244.673,17.839,9.395,84.853,181.788,38.921,153.704,374.413,731.173
2010 June,182.446,151.148,372.328,769.017,291.254,17.219,9.689,78.526,182.446,38.734,153.3,374.48,771.168
2010 July,189.157,156.691,385.443,717.649,239.186,17.479,9.943,65.598,189.157,39.595,157.123,385.875,718.081
2010 August,190.522,158.933,389.064,678.088,196.283,17.706,9.807,65.227,190.522,39.609,157.37,387.501,676.525
2010 September,184.923,154.972,377.355,641.121,168.439,17.11,8.896,69.321,184.923,37.46,151.704,374.086,637.853
2010 October,185.667,161.893,386.771,661.381,172.515,16.975,7.62,77.5,185.667,39.211,159.105,383.983,658.593
2010 November,183.819,162.58,386.602,696.046,190.842,17.108,6.396,95.098,183.819,40.202,156.074,380.095,689.54
2010 December,193.095,167.041,400.917,739.158,226.037,18.027,5.793,88.383,193.095,40.781,161.443,395.319,733.56
2011 January,193.637,168.537,400.71,755.956,248.06,18.48,5.63,83.077,193.637,38.536,152.681,384.854,740.101
2011 February,173.103,150.443,359.327,718.491,234.459,16.676,6.481,101.547,173.103,35.781,143.489,352.374,711.537
2011 March,186.444,170.005,394.959,827.278,302.503,18.388,8.976,102.452,186.444,38.511,159.375,384.329,816.648
2011 April,175.84,161.958,373.481,824.689,303.084,17.258,10.177,120.689,175.84,35.683,152.763,364.286,815.493
2011 May,177.915,170.159,385.273,845.788,316.615,18.194,11.328,114.378,177.915,37.199,163.997,379.11,839.626
2011 June,184.151,167.467,389.673,837.531,312.381,17.02,11.726,106.731,184.151,38.056,166.881,389.087,836.944
2011 July,189.298,170.816,399.454,805.792,303.962,17.723,11.894,72.76,189.298,39.34,161.191,389.828,796.166
2011 August,189.485,173.999,402.931,755.8,250.319,17.777,12.159,72.613,189.485,39.447,173.499,402.432,755.301
2011 September,183.603,165.886,387.218,689.653,207.705,17.127,10.864,66.739,183.603,37.73,159.099,380.432,682.866
2011 October,182.755,175.396,397.994,720.149,192.254,17.836,9.8,102.265,182.755,39.843,166.454,389.052,711.207
2011 November,183.367,177.173,400.892,748.063,200.932,17.57,7.816,120.853,183.367,40.352,166.258,389.976,737.148
2011 December,193.623,185.585,420.525,780.498,230.58,18.261,7.601,103.532,193.623,41.317,175.792,410.732,770.705
2012 January,184.808,176.18,399.385,773.864,219.888,17.4,7.466,129.726,184.808,38.397,155.006,378.211,752.69
2012 February,173.569,163.132,373.028,695.961,193.017,16.387,8.357,105.171,173.569,36.328,151.441,361.337,684.269
2012 March,177.467,170.729,388.074,797.646,246.546,17.608,11.942,133.476,177.467,39.878,163.671,381.016,790.588
2012 April,168.213,163.535,368.981,770.99,250.215,17.084,13.77,120.941,168.213,37.232,159.812,365.258,767.268
2012 May,177.25,171.87,387.318,813.258,272.562,17.787,16.255,119.336,177.25,38.198,169.175,384.623,810.563
2012 June,176.385,164.401,377.792,779.742,253.685,17.361,16.975,113.928,176.385,37.006,164.569,377.961,779.91
2012 July,183.79,156.766,379.862,751.249,252.091,17.946,17.404,83.946,183.79,39.306,157.657,380.753,752.139
2012 August,185.198,161.795,386.269,720.652,219.192,17.786,16.816,80.59,185.198,39.276,167.16,391.634,726.017
2012 September,179.203,150.489,366.955,651.381,167.517,17.576,15.692,83.642,179.203,37.263,149.452,365.918,650.345
2012 October,180.24,152.97,373.976,683.696,157.02,18.027,14.434,120.241,180.24,40.766,158.729,379.735,689.455
2012 November,178.719,149.512,368.902,687.807,178.257,18.023,11.777,110.848,178.719,40.671,149.976,369.367,688.272
2012 December,186.371,154.363,383.017,769.914,218.713,18.608,11.361,138.215,186.371,42.283,152.468,381.123,768.019
2013 January,199.658,150.623,391.713,798.274,236.889,18.578,10.475,140.62,199.658,41.432,149.653,390.743,797.304
2013 February,179.53,137.729,354.251,712.257,194.813,16.666,12.233,134.295,179.53,36.992,139.735,356.257,714.264
2013 March,195.918,159.758,397.835,779.697,195.918,18.543,17.077,150.325,195.918,42.16,161.574,399.652,781.514
2013 April,185.361,160.339,386.469,828.707,239.451,17.376,18.669,166.741,185.361,40.77,162.337,388.467,830.705
2013 May,193.12,170.191,404.782,869.796,271.442,17.87,20.769,154.933,193.12,41.47,170.652,405.242,870.257
2013 June,192.995,168.462,401.893,833.767,261.271,17.415,22.017,131.171,192.995,40.437,173.842,407.273,839.147
2013 July,204.781,172.708,419.452,825.78,260.036,18.148,22.3,105.844,204.781,41.963,173.028,419.772,826.101
2013 August,202.372,169.115,413.684,753.265,206.403,18.011,23.25,91.917,202.372,42.198,172.446,417.015,756.596
2013 September,190.5,164.898,395.313,708.18,161.826,17.616,22.042,111.382,190.5,39.914,172.656,403.071,715.938
2013 October,195.16,180.356,417.493,751.34,164.092,18.402,21.261,130.092,195.16,41.976,185.584,422.721,756.568
2013 November,195.075,178.452,415.796,769.765,168.655,16.959,17.577,150.779,195.075,42.268,177.403,414.747,768.716
2013 December,203.786,187.472,436.115,806.71,201.585,18.423,17.328,133.26,203.786,44.857,187.428,436.071,806.667
2014 January,204.463,171.833,421.219,832.071,205.716,18.278,16.541,170.318,204.463,44.923,164.852,414.238,825.09
2014 February,185.762,155.798,382.387,715.293,165.42,16.34,17.937,133.208,185.762,40.827,152.659,379.248,712.154
2014 March,203.755,175.544,423.831,867.44,230.661,18.113,26.184,168.651,203.755,44.532,170.205,418.492,862.101
2014 April,192.91,172.314,409.123,874.973,241.908,17.71,29.027,177.205,192.91,43.899,170.104,406.913,872.763
2014 May,196.178,180.975,420.28,872.186,252.406,18.063,33.084,148.353,196.178,43.127,179.197,418.502,870.407
2014 June,200.325,180.247,422.985,870.396,244.799,17.518,34.864,150.231,200.325,42.412,176.124,418.861,866.273
2014 July,206.684,186.037,437.716,837.457,231.615,17.941,34.296,115.89,206.684,44.994,182.491,434.169,833.911
2014 August,207.939,180.371,431.265,769.384,188.347,18.033,35.028,96.711,207.939,42.954,183.09,433.983,772.102
2014 September,195.842,174.842,411.32,724.546,152.851,17.652,33.182,109.541,195.842,40.635,173.602,410.079,723.306
2014 October,200.486,181.966,424.919,775.083,163.167,18.184,30.858,137.956,200.486,42.467,182.914,425.867,776.031
2014 November,198.644,179.89,420.082,819.811,177.104,18.175,25.044,179.406,198.644,41.549,176.28,416.472,816.201
2014 December,208.088,195.329,446.975,839.005,212.324,18.468,21.348,139.889,208.088,43.558,187.064,438.711,830.74
2015 January,202.234,181.675,427.054,832.216,224.825,18.078,21.039,141.22,202.234,43.145,166.886,412.264,817.426
2015 February,182.561,164.888,385.885,774.095,207.573,16.608,25.05,138.979,182.561,38.436,160.592,381.589,769.798
2015 March,192.639,183.132,418.601,840.618,226.152,18.377,34.909,142.578,192.639,42.831,179.015,414.485,836.501
2015 April,187.51,175.482,404.645,836.982,209.295,17.071,39.557,166.415,187.51,41.652,173.571,402.734,835.071
2015 May,193.159,186.805,422.303,830.355,187.448,18.341,42.516,159.748,193.159,42.339,188.596,424.094,832.147
2015 June,190.357,187.421,419.763,795.456,190.137,17.342,43.209,125.006,190.357,41.985,189.441,421.783,797.476
2015 July,199.086,190.746,435.439,821.508,195.726,18.03,44.939,127.373,199.086,45.608,192.173,436.867,822.935
2015 August,199.922,188.213,432.205,795.294,178.103,17.912,45.246,121.827,199.922,44.071,192.445,436.438,799.527
2015 September,189.658,178.667,410.191,745.604,149.901,16.423,38.959,130.131,189.658,41.867,185.619,417.144,752.557
2015 October,187.832,186.315,418.69,778.142,154.896,17.716,34.277,152.564,187.832,44.543,187.005,419.379,778.832
2015 November,189.32,184.786,419.255,829.956,180.113,17.641,29.632,183.315,189.32,45.15,181.63,416.1,826.8
2015 December,197.492,193.08,437.317,885.702,215.764,18.218,27.207,187.196,197.492,46.745,187.801,432.038,880.423
2016 January,197.188,188.598,427.95,878.466,236.371,17.67,26.067,170.408,192.272,42.164,174.702,409.139,859.655
2016 February,187.554,178.671,406.693,866.911,222.755,16.505,35.122,185.836,180.932,40.467,176.11,397.51,857.728
2016 March,191.434,194.48,429.457,945.574,252.754,17.515,43.391,202.457,185.56,43.543,191.319,420.422,936.539
2016 April,178.688,179.125,400.492,895.645,238.802,16.361,48.054,191.936,173.781,42.678,177.536,393.995,889.149
2016 May,187.702,193.545,424.187,906.373,235.188,17.761,55.308,173.928,181.2,42.94,197.174,421.314,903.5
2016 June,190.853,194.201,425.121,863.121,214.43,16.753,56.369,150.448,182.645,40.067,196.602,419.314,857.314
2016 July,193.037,200.412,434.898,874.581,197.99,17.478,61.633,162.582,188.918,41.448,205.111,435.478,875.161
2016 August,196.682,203.744,442.384,827.092,180.588,17.599,61.119,125.402,190.645,41.958,209.353,441.956,826.663
2016 September,186.32,191.624,417.251,792.546,151.041,17.447,55.434,151.373,179.321,39.307,198.018,416.646,791.941
2016 October,186.005,198.5,425.219,839.768,160.003,17.865,49.026,187.655,179.9,40.714,199.452,420.066,834.615
2016 November,187.88,197.554,428.756,840.573,173.563,17.791,41.388,179.075,183.071,43.322,200.084,426.477,838.294
2016 December,215.809,208.942,469.361,946.715,207.886,18.795,37.086,213.587,208.332,44.61,207.817,460.759,938.113
2017 January,193.85,202.09,440.362,931.662,245.19,18.349,36.247,191.515,187.288,44.422,186.214,417.924,909.224
2017 February,175.543,182.094,397.222,878.646,219.903,16.279,41.827,203.415,170.114,39.585,171.424,381.122,862.546
2017 March,193.159,201.743,438.28,1031.122,272.678,18.166,65.07,236.928,186.206,43.377,195.863,425.446,1018.288
2017 April,180.123,188.334,408.992,1002.382,270.802,17.569,71.338,233.68,174.283,40.534,189.532,404.349,997.739
2017 May,183.678,202.668,427.714,1039.891,300.246,17.381,82.144,212.407,178.301,41.368,206.683,426.351,1038.529
2017 June,188.067,196.266,424.377,994.362,281.537,17.04,85.943,185.465,181.388,40.044,203.243,424.675,994.661
2017 July,193.827,201.023,435.877,928.982,244.917,18.033,81.722,148.433,188.28,41.027,201.51,430.817,923.921
2017 August,196.646,209.101,446.875,874.484,202.888,17.944,78.981,127.796,190.14,41.128,210.863,442.131,869.74
2017 September,182.029,197.274,417.528,849.394,176.349,17.48,73.105,164.932,174.646,38.225,195.269,408.14,840.006
2017 October,187.383,206.518,434.337,904.788,162.965,16.573,66.527,224.387,181.105,40.436,202.523,424.064,894.515
2017 November,188.899,208.792,439.368,896.119,183.132,17.233,48.149,208.238,181.854,41.676,199.618,423.149,879.9
2017 December,200.392,210.966,454.795,927.67,204.858,18.109,45.485,204.424,191.367,43.437,201.642,436.446,909.322
2018 January,202.357,204.218,449.903,976.929,228.033,17.596,48.499,232.898,196.776,43.328,190.956,431.059,958.085
2018 February,184.221,189.139,413.517,922.932,226.561,16.463,55.413,210.978,176.396,40.156,171.592,388.145,897.56
2018 March,198.709,207.86,449.809,1017.194,235.28,17.828,73.511,240.767,192.889,43.24,195.311,431.44,998.825
2018 April,187.923,197.237,425.822,1024.178,255.792,16.027,86.069,240.468,180.63,40.661,186.07,407.361,1005.717
2018 May,197.12,207.564,445.437,1054.663,276.982,17.972,96.346,217.926,189.192,40.753,209.285,439.23,1048.456
2018 June,195.35,204.553,438.895,1033.802,251.082,17.045,102.034,224.747,186.553,38.993,198.474,424.019,1018.926
2018 July,202.927,213.7,456.126,948.984,228.356,17.854,97.018,149.631,196.191,39.5,204.554,440.245,933.103
2018 August,202.765,217.345,459.998,953.714,200.31,17.831,95.013,180.563,194.518,39.888,211.642,446.048,939.764
2018 September,190.29,200.911,427.722,872.342,174.369,17.3,84.458,168.492,181.762,36.521,190.086,408.369,852.988
2018 October,196.099,212.511,449.556,909.45,177.849,16.976,72.247,192.822,186.702,40.945,203.303,430.95,890.844
2018 November,193.444,206.403,440.787,913.361,199.362,17.327,55.586,200.299,184.715,40.939,195.978,421.633,894.207
2018 December,204.867,209.304,456.594,952.043,207.409,18.55,48.352,221.139,195.69,42.423,197.917,436.031,931.479
2019 January,202.63,203.505,445.62,952.661,220.676,17.762,52.345,216.259,196.587,39.485,185.476,421.549,928.59
2019 February,184.566,185.199,405.316,882.918,203.614,16.374,56.295,201.32,176.17,35.551,180.279,391.999,869.601
2019 March,196.657,199.101,434.187,999.795,234.346,18.052,83.858,229.351,189.543,38.429,195.324,423.296,988.904
2019 April,186.074,201.785,423.418,1039.7,247.572,16.379,95.015,257.317,177.952,35.559,194.087,407.599,1023.881
2019 May,193.497,210.963,440.471,1073.754,284.608,17.334,101.93,229.411,185.529,36.011,210.633,432.173,1065.456
2019 June,191.768,205.536,433.494,1009.869,249.864,17.039,109.726,199.747,182.425,36.19,202.714,421.329,997.705
2019 July,200.888,212.331,449.756,998.272,221.366,17.632,112.843,196.674,192.532,36.537,207.635,436.704,985.22
2019 August,203.936,206.151,447.088,952.554,200.928,17.791,108.963,177.784,193.485,37.001,203.426,433.912,939.378
2019 September,191.755,190.553,416.912,912.47,164.861,17.39,95.162,218.145,182.034,34.604,188.932,405.571,901.129
2019 October,193.712,201.551,432.542,941.536,162.903,15.547,84.713,245.831,184.97,37.279,201.94,424.189,933.183
2019 November,193.42,200.854,431.237,912.051,179.916,13.972,62.811,224.116,184.037,36.963,198.4,419.4,900.215
2019 December,202.078,214.068,454.982,951.898,191.134,15.92,52.758,237.104,192.071,38.836,207.403,438.31,935.226
2020 January,189.149,212.834,441.643,981.404,214.773,15.439,63.009,246.54,181.999,39.66,197.871,419.529,959.29
2020 February,179.249,195.914,411.601,985.297,226.785,15.816,75.883,255.212,171.116,36.438,186.27,393.824,967.52
2020 March,187.852,193.158,420.034,995.239,208.856,18.224,91.079,257.047,177.831,39.023,171.918,388.773,963.978
2020 April,175.479,120.626,332.615,922.997,203.345,17.294,108.906,260.838,167.095,36.51,121.36,324.965,915.348
2020 May,180.306,146.255,363.797,1021.471,262.801,17.321,128.766,248.786,172.271,37.236,155.142,364.649,1022.323
2020 June,174.849,174.201,383.329,1038.836,245.471,16.375,128.789,264.872,165.276,34.279,182.889,382.444,1037.951
2020 July,178.065,190.522,404.493,995.034,234.445,17.05,138.578,200.468,170.918,35.906,188.408,395.232,985.773
2020 August,181.891,188.514,406.837,954.931,204.127,16.977,125.092,201.898,173.343,36.432,185.527,395.301,943.395
2020 September,175.448,185.067,394.766,884.571,163.757,16.497,106.279,203.271,165.268,34.251,184.739,384.258,874.063
2020 October,179.647,191.915,407.884,938.501,164.911,16.666,96.351,252.688,170.875,36.323,180.746,387.945,918.562
2020 November,179.292,196.187,411.209,980.632,183.166,17.468,78.343,290.445,170.406,35.73,186.803,392.939,962.361
2020 December,190.1,199.207,427.251,984.504,188.559,17.677,70.379,280.637,178.894,37.944,194.079,410.917,968.169
2021 January,190.251,190.541,419.163,996.592,217.184,17.302,77.117,265.825,181.708,38.371,168.745,388.825,966.254
2021 February,171.654,151.904,357.422,873.844,178.067,16.254,85.856,236.245,162.768,33.864,154.424,351.057,867.479
2021 March,188.778,194.31,420.943,1096.067,187.652,16.374,124.405,346.692,177.617,37.855,193.94,409.412,1084.536
2021 April,180.775,186.571,402.862,1053.848,171.455,16.607,143.181,319.743,171.552,35.515,186.132,393.199,1044.185
2021 May,186.139,205.831,428.372,1112.084,206.121,17.194,161.622,298.774,177.666,36.403,206.591,420.659,1104.371
2021 June,184.876,201.081,420.195,1039.772,207.404,16.514,159.803,235.856,173.823,34.238,200.072,408.133,1027.711
2021 July,191.105,208.896,435.67,1001.086,195.408,17.337,160.64,192.031,183.223,35.669,204.12,423.012,988.428
2021 August,192.589,195.29,423.151,1015.449,179.762,17.216,155.931,239.39,181.712,35.272,199.877,416.861,1009.159
2021 September,184.876,185.399,404.753,972.447,150.528,17.097,143.642,256.428,173.837,34.478,186.209,394.524,962.218
2021 October,182.449,214.436,432.259,1006.56,151.507,17.055,120.861,284.878,173.947,35.374,214.011,423.332,997.633
2021 November,182.408,215.768,433.41,1040.253,171.318,17.295,102.083,316.147,170.418,35.234,207.391,413.044,1019.886
2021 December,192.989,224.092,455.075,1118.251,208.358,18.52,83.914,352.385,180.815,37.994,209.36,428.169,1091.346
2022 January,185.926,214.238,436.735,1130.434,232.468,19.242,105.212,336.777,176.046,36.571,187.917,400.534,1094.232
2022 February,174.811,189.789,397.763,1071.921,203.135,16.459,118.596,335.968,163.058,33.163,176.509,372.73,1046.888
2022 March,182.75,212.402,431.9,1209.837,225.165,17.562,154.822,380.388,170.15,36.748,205.322,412.221,1190.157
2022 April,173.692,198.619,406.08,1176.084,172.956,17.005,173.885,406.157,164.369,33.77,196.275,394.415,1164.418
2022 May,186.073,214.103,434.982,1219.656,204.198,17.632,194.578,368.267,174.196,34.806,206.573,415.575,1200.249
2022 June,187.131,213.765,434.199,1187.064,237.735,17.293,201.785,296.052,172.813,33.303,211.891,418.007,1170.872
2022 July,189.175,217.337,440.585,1132.137,213.172,18.111,201.443,258.826,179.583,34.074,205.689,419.346,1110.897
2022 August,188.395,210.201,431.969,1043.955,191.155,18.147,187.405,215.279,178.019,33.373,213.139,424.531,1036.517
2022 September,174.433,192.645,398.696,976.813,148.808,17.706,172.627,238.976,163.315,31.618,188.831,383.764,961.881